datetime,value,value_scaled
2015-06-20 03:00:00+00:00,22585.439,0.11711056043529133
2015-06-20 04:00:00+00:00,22441.91,0.10989453305069641
2015-06-20 05:00:00+00:00,22800.586,0.12792723611556123
2015-06-20 06:00:00+00:00,24659.291,0.22137501447313013
2015-06-20 07:00:00+00:00,26824.913,0.3302532736171442
2015-06-20 08:00:00+00:00,28723.848,0.4257236451905946
2015-06-20 09:00:00+00:00,29530.722,0.46628983655204514
2015-06-20 10:00:00+00:00,29878.46,0.4837726235195867
2015-06-20 11:00:00+00:00,30119.23,0.49587751461050855
2015-06-20 12:00:00+00:00,29477.208,0.46359938034138937
2015-06-20 13:00:00+00:00,28364.328,0.40764850939706454
2015-06-20 14:00:00+00:00,27676.77,0.37308101880981526
2015-06-20 15:00:00+00:00,27557.521,0.36708568651051987
2015-06-20 16:00:00+00:00,27485.078,0.3634435607253321
2015-06-20 17:00:00+00:00,27410.727,0.3597055088189438
2015-06-20 18:00:00+00:00,27466.351,0.36250204685126275
2015-06-20 19:00:00+00:00,27892.759,0.38394002666726035
2015-06-20 20:00:00+00:00,28210.624,0.39992092630847775
2015-06-20 21:00:00+00:00,26665.487,0.32223801271644525
2015-06-20 22:00:00+00:00,25144.559,0.24577222463182702
2015-06-20 23:00:00+00:00,23626.669,0.1694591742601057
2015-06-21 00:00:00+00:00,22324.656,0.10399950086240484
2015-06-21 01:00:00+00:00,21514.714,0.06327906351571144
2015-06-21 02:00:00+00:00,21087.289,0.04178995326718682
2015-06-21 03:00:00+00:00,20824.881,0.028597195608896397
2015-06-21 04:00:00+00:00,20475.096,0.011011494191618176
2015-06-21 05:00:00+00:00,20256.074,0.0
2015-06-21 06:00:00+00:00,21359.454,0.055473251368116205
2015-06-21 07:00:00+00:00,23180.632,0.14703433184817105
2015-06-21 08:00:00+00:00,24733.183,0.22508998981262573
2015-06-21 09:00:00+00:00,25803.573,0.27890464435767637
2015-06-21 10:00:00+00:00,26239.642,0.3008283381448058
2015-06-21 11:00:00+00:00,26919.867,0.33502715669496697
2015-06-21 12:00:00+00:00,26906.904,0.334375432214294
2015-06-21 13:00:00+00:00,26057.094,0.2916506014713598
2015-06-21 14:00:00+00:00,25390.593,0.2581417672437132
2015-06-21 15:00:00+00:00,25129.404,0.24501029571841193
2015-06-21 16:00:00+00:00,25171.317,0.2471175030128996
2015-06-21 17:00:00+00:00,25413.554,0.25929614862153705
2015-06-21 18:00:00+00:00,25802.02,0.2788265661259024
2015-06-21 19:00:00+00:00,27048.535,0.3414960362351369
2015-06-21 20:00:00+00:00,28458.307,0.412373373623645
2015-06-21 21:00:00+00:00,27099.361,0.3440513512435981
2015-06-21 22:00:00+00:00,25235.272,0.25033288827568123
2015-06-21 23:00:00+00:00,23544.1,0.16530795628242423
2015-06-22 00:00:00+00:00,22341.994,0.10487118172685816
2015-06-22 01:00:00+00:00,22019.307,0.0886478524439065
2015-06-22 02:00:00+00:00,21973.315,0.08633557038611817
2015-06-22 03:00:00+00:00,22534.211,0.11453503457739478
2015-06-22 04:00:00+00:00,24318.579,0.20424546488900353
2015-06-22 05:00:00+00:00,26837.898,0.3309061041642043
2015-06-22 06:00:00+00:00,29464.316,0.4629512254386017
2015-06-22 07:00:00+00:00,31676.922,0.5741916401793092
2015-06-22 08:00:00+00:00,33150.035,0.6482534935232525
2015-06-22 09:00:00+00:00,33569.297,0.6693322028664515
2015-06-22 10:00:00+00:00,34388.929,0.7105398121808777
2015-06-22 11:00:00+00:00,34577.632,0.720026996063962
2015-06-22 12:00:00+00:00,33554.157,0.6685710280892094
2015-06-22 13:00:00+00:00,32946.048,0.6379978951556655
2015-06-22 14:00:00+00:00,32966.959,0.6390492112565183
2015-06-22 15:00:00+00:00,33016.314,0.641530570644284
2015-06-22 16:00:00+00:00,32489.095,0.6150242427127948
2015-06-22 17:00:00+00:00,31960.147,0.5884309880184353
2015-06-22 18:00:00+00:00,31292.156,0.554847242930941
2015-06-22 19:00:00+00:00,31235.605,0.5520040992831332
2015-06-22 20:00:00+00:00,30831.794,0.5317022004738288
2015-06-22 21:00:00+00:00,28396.526,0.40926728783019795
2015-06-22 22:00:00+00:00,27079.986,0.3430772586868569
2015-06-22 23:00:00+00:00,25478.245,0.2625485368325384
2015-06-23 00:00:00+00:00,24380.951,0.20738126364766507
2015-06-23 01:00:00+00:00,23972.737,0.18685800073372416
2015-06-23 02:00:00+00:00,23815.308,0.17894314049551885
2015-06-23 03:00:00+00:00,24071.934,0.19184520379700531
2015-06-23 04:00:00+00:00,25417.398,0.2594894085847945
2015-06-23 05:00:00+00:00,27619.683,0.37021092736276007
2015-06-23 06:00:00+00:00,29807.072,0.48018353864523045
2015-06-23 07:00:00+00:00,31823.003,0.5815359712647974
2015-06-23 08:00:00+00:00,33131.435,0.6473183646687806
2015-06-23 09:00:00+00:00,33650.967,0.6734382229494997
2015-06-23 10:00:00+00:00,34264.714,0.7042948105325875
2015-06-23 11:00:00+00:00,34265.701,0.7043444326927684
2015-06-23 12:00:00+00:00,33124.73,0.6469812657994671
2015-06-23 13:00:00+00:00,32256.525,0.6033316127297583
2015-06-23 14:00:00+00:00,32051.679,0.5930328274973331
2015-06-23 15:00:00+00:00,31992.705,0.5900678657197198
2015-06-23 16:00:00+00:00,31400.189,0.560278682475841
2015-06-23 17:00:00+00:00,30793.283,0.5297660312633685
2015-06-23 18:00:00+00:00,30102.052,0.49501387786523354
2015-06-23 19:00:00+00:00,29761.935,0.477914242349301
2015-06-23 20:00:00+00:00,29119.797,0.4456302760937776
2015-06-23 21:00:00+00:00,27010.662,0.33959194294990014
2015-06-23 22:00:00+00:00,26506.349,0.31423723123026703
2015-06-23 23:00:00+00:00,24759.886,0.226432503027731
2015-06-24 00:00:00+00:00,23607.285,0.16848462922166063
2015-06-24 01:00:00+00:00,23103.018,0.14313223018629118
2015-06-24 02:00:00+00:00,22828.799,0.12934566570541106
2015-06-24 03:00:00+00:00,22966.833,0.13628542787197784
2015-06-24 04:00:00+00:00,23899.154,0.18315856059939128
2015-06-24 05:00:00+00:00,25295.253,0.253348477728373
2015-06-24 06:00:00+00:00,27064.852,0.34231638556408406
2015-06-24 07:00:00+00:00,28845.472,0.43183838238394223
2015-06-24 08:00:00+00:00,29948.801,0.48730906968907006
2015-06-24 09:00:00+00:00,30492.127,0.5146251890430851
2015-06-24 10:00:00+00:00,31121.942,0.5462896072946486
2015-06-24 11:00:00+00:00,31595.821,0.5701142269950885
2015-06-24 12:00:00+00:00,30800.943,0.5301511434690274
2015-06-24 13:00:00+00:00,29908.836,0.48529979954557767
2015-06-24 14:00:00+00:00,29827.788,0.4812250509758347
2015-06-24 15:00:00+00:00,29805.601,0.48010958302453544
2015-06-24 16:00:00+00:00,29547.09,0.4671127499439802
2015-06-24 17:00:00+00:00,29326.488,0.4560218200754771
2015-06-24 18:00:00+00:00,29077.906,0.44352417486567686
2015-06-24 19:00:00+00:00,29389.042,0.4591667690197039
2015-06-24 20:00:00+00:00,29521.57,0.46582971293504927
2015-06-24 21:00:00+00:00,27600.766,0.36925986109716646
2015-06-24 22:00:00+00:00,26479.118,0.3128681724218736
2015-06-24 23:00:00+00:00,24804.033,0.22865202633624504
2015-06-25 00:00:00+00:00,23787.254,0.1775327047491022
2015-06-25 01:00:00+00:00,23326.008,0.15434321853353006
2015-06-25 02:00:00+00:00,23242.699,0.15015479650464925
2015-06-25 03:00:00+00:00,23569.546,0.16658727288623543
2015-06-25 04:00:00+00:00,24990.786,0.23804117251684453
2015-06-25 05:00:00+00:00,27037.645,0.34094853337356734
2015-06-25 06:00:00+00:00,29274.534,0.45340979402680914
2015-06-25 07:00:00+00:00,31441.669,0.5623641203728027
2015-06-25 08:00:00+00:00,32784.454,0.629873636440101
2015-06-25 09:00:00+00:00,33341.093,0.6578590767854915
2015-06-25 10:00:00+00:00,34054.356,0.6937189053944717
2015-06-25 11:00:00+00:00,34503.454,0.7162976418614351
2015-06-25 12:00:00+00:00,33541.582,0.6679388105975439
2015-06-25 13:00:00+00:00,32861.325,0.6337383832235468
2015-06-25 14:00:00+00:00,32934.387,0.6374116296948058
2015-06-25 15:00:00+00:00,33180.914,0.6498059582489097
2015-06-25 16:00:00+00:00,32745.231,0.6279016708992977
2015-06-25 17:00:00+00:00,32234.187,0.6022085531409846
2015-06-25 18:00:00+00:00,31555.33,0.5680785118097977
2015-06-25 19:00:00+00:00,31271.005,0.5537838606513212
2015-06-25 20:00:00+00:00,30989.659,0.539638980936795
2015-06-25 21:00:00+00:00,28825.376,0.4308280410151537
2015-06-25 22:00:00+00:00,27534.894,0.3659480972314806
2015-06-25 23:00:00+00:00,25859.137,0.28169816584530327
2015-06-26 00:00:00+00:00,24598.303,0.21830879734536013
2015-06-26 01:00:00+00:00,24023.516,0.1894109527821768
2015-06-26 02:00:00+00:00,23843.21,0.18034593432871593
2015-06-26 03:00:00+00:00,24132.546,0.19489251724470602
2015-06-26 04:00:00+00:00,25414.012,0.25931917491268486
2015-06-26 05:00:00+00:00,27524.681,0.36543463104918383
2015-06-26 06:00:00+00:00,29912.872,0.48550271245184895
2015-06-26 07:00:00+00:00,32192.582,0.600116830775915
2015-06-26 08:00:00+00:00,33647.427,0.6732602468126814
2015-06-26 09:00:00+00:00,34391.046,0.7106462459327552
2015-06-26 10:00:00+00:00,35272.222,0.7549480256890957
2015-06-26 11:00:00+00:00,35688.855,0.7758945600990474
2015-06-26 12:00:00+00:00,34601.638,0.721233915595169
2015-06-26 13:00:00+00:00,33690.179,0.6754096354571095
2015-06-26 14:00:00+00:00,33606.591,0.6712071864954121
2015-06-26 15:00:00+00:00,33589.534,0.6703496331152656
2015-06-26 16:00:00+00:00,33133.365,0.6474153968563681
2015-06-26 17:00:00+00:00,32740.488,0.6276632130414075
2015-06-26 18:00:00+00:00,31990.256,0.5899447404205476
2015-06-26 19:00:00+00:00,31390.74,0.5598036269626205
2015-06-26 20:00:00+00:00,31071.564,0.5437568158198864
2015-06-26 21:00:00+00:00,29197.263,0.4495249369454175
2015-06-26 22:00:00+00:00,28249.339,0.40186735177089017
2015-06-26 23:00:00+00:00,26653.426,0.32163163695763974
2015-06-27 00:00:00+00:00,25196.677,0.24839249590265244
2015-06-27 01:00:00+00:00,24367.692,0.20671465754651241
2015-06-27 02:00:00+00:00,23843.306,0.18035076080022283
2015-06-27 03:00:00+00:00,23455.349,0.16084593364999322
2015-06-27 04:00:00+00:00,23169.904,0.14649497365726916
2015-06-27 05:00:00+00:00,23582.448,0.16723593054647168
2015-06-27 06:00:00+00:00,25394.305,0.25832839080864867
2015-06-27 07:00:00+00:00,27886.375,0.38361906631204823
2015-06-27 08:00:00+00:00,29924.307,0.48607761559436957
2015-06-27 09:00:00+00:00,31021.347,0.5412321187400477
2015-06-27 10:00:00+00:00,31698.963,0.5752997678718583
2015-06-27 11:00:00+00:00,32249.596,0.6029832520935952
2015-06-27 12:00:00+00:00,31762.894,0.5785139465167632
2015-06-27 13:00:00+00:00,30866.143,0.5334291220341647
2015-06-27 14:00:00+00:00,30271.43,0.5035294829788197
2015-06-27 15:00:00+00:00,29985.275,0.4891428272072422
2015-06-27 16:00:00+00:00,29771.214,0.47838075098589483
2015-06-27 17:00:00+00:00,29723.7,0.47599194924442334
2015-06-27 18:00:00+00:00,29672.153,0.47340038542391505
2015-06-27 19:00:00+00:00,29676.898,0.4736389438332953
2015-06-27 20:00:00+00:00,29968.615,0.48830523329780684
2015-06-27 21:00:00+00:00,28470.268,0.412974721807964
2015-06-27 22:00:00+00:00,26750.672,0.32652075204269093
2015-06-27 23:00:00+00:00,25063.416,0.2416926998663218
2015-06-28 00:00:00+00:00,23683.511,0.1723169481496689
2015-06-28 01:00:00+00:00,22878.427,0.1318407503715251
2015-06-28 02:00:00+00:00,22334.868,0.10451291676895669
2015-06-28 03:00:00+00:00,22023.791,0.08887328888387702
2015-06-28 04:00:00+00:00,21545.517,0.0648277072847594
2015-06-28 05:00:00+00:00,21357.961,0.05539818968103405
2015-06-28 06:00:00+00:00,22464.858,0.11104826084383701
2015-06-28 07:00:00+00:00,24202.548,0.1984119199366805
2015-06-28 08:00:00+00:00,25898.974,0.2837010006934533
2015-06-28 09:00:00+00:00,27069.243,0.34253714635978216
2015-06-28 10:00:00+00:00,27921.686,0.38539435313894344
2015-06-28 11:00:00+00:00,28810.427,0.4300764689051808
2015-06-28 12:00:00+00:00,29258.014,0.45257923872165473
2015-06-28 13:00:00+00:00,28678.219,0.42342961322819206
2015-06-28 14:00:00+00:00,28036.258,0.3911545457795096
2015-06-28 15:00:00+00:00,27828.329,0.3807007604256687
2015-06-28 16:00:00+00:00,27783.833,0.378463690882197
2015-06-28 17:00:00+00:00,27763.085,0.3774205697277573
2015-06-28 18:00:00+00:00,28224.978,0.40064258435025657
2015-06-28 19:00:00+00:00,29224.42,0.45089027534869097
2015-06-28 20:00:00+00:00,30686.589,0.5244019109408415
2015-06-28 21:00:00+00:00,29530.763,0.4662918978575845
2015-06-28 22:00:00+00:00,27473.934,0.3628832878245669
2015-06-28 23:00:00+00:00,25587.873,0.26806016619049666
2015-06-29 00:00:00+00:00,24194.449,0.19800473667902652
2015-06-29 01:00:00+00:00,23470.55,0.16161017524767196
2015-06-29 02:00:00+00:00,23207.689,0.148394642676958
2015-06-29 03:00:00+00:00,23657.719,0.171020236138135
2015-06-29 04:00:00+00:00,25202.689,0.2486947536807751
2015-06-29 05:00:00+00:00,27645.059,0.3714867246644309
2015-06-29 06:00:00+00:00,30466.2,0.5133216898059945
2015-06-29 07:00:00+00:00,33069.031,0.6441809570862833
2015-06-29 08:00:00+00:00,34764.73,0.7294334873765398
2015-06-29 09:00:00+00:00,35491.838,0.765989383673163
2015-06-29 10:00:00+00:00,36612.766,0.8223448738121539
2015-06-29 11:00:00+00:00,37188.395,0.8512850505525127
2015-06-29 12:00:00+00:00,36736.562,0.8285688099233459
2015-06-29 13:00:00+00:00,36474.25,0.8153808787365624
2015-06-29 14:00:00+00:00,36476.917,0.815514964148115
2015-06-29 15:00:00+00:00,36491.967,0.816271614108319
2015-06-29 16:00:00+00:00,35782.296,0.7805923759748907
2015-06-29 17:00:00+00:00,35027.419,0.7426403725191371
2015-06-29 18:00:00+00:00,34088.669,0.6954440170279925
2015-06-29 19:00:00+00:00,33630.238,0.6723960570342125
2015-06-29 20:00:00+00:00,33383.633,0.6599978069720092
2015-06-29 21:00:00+00:00,31173.872,0.5489004267254396
2015-06-29 22:00:00+00:00,29517.526,0.465626397822819
2015-06-29 23:00:00+00:00,27487.979,0.3635894106611828
2015-06-30 00:00:00+00:00,26147.96,0.29621895730417824
2015-06-30 01:00:00+00:00,25524.29,0.2648634835048047
2015-06-30 02:00:00+00:00,25200.193,0.24856926542159452
2015-06-30 03:00:00+00:00,25311.797,0.2541802396514039
2015-06-30 04:00:00+00:00,26565.253,0.3171986737057402
2015-06-30 05:00:00+00:00,28774.677,0.42827911102629024
2015-06-30 06:00:00+00:00,31320.591,0.556276833736151
2015-06-30 07:00:00+00:00,33921.308,0.6870298180917971
2015-06-30 08:00:00+00:00,35679.22,0.7754101532972819
2015-06-30 09:00:00+00:00,36306.128,0.8069284199585254
2015-06-30 10:00:00+00:00,37267.507,0.855262465280199
2015-06-30 11:00:00+00:00,37946.469,0.8893977855645967
2015-06-30 12:00:00+00:00,37318.618,0.8578321088759466
2015-06-30 13:00:00+00:00,36900.745,0.8368232325423635
2015-06-30 14:00:00+00:00,37000.27,0.8418269260499598
2015-06-30 15:00:00+00:00,36967.763,0.8401926124116637
2015-06-30 16:00:00+00:00,36178.924,0.8005331441088364
2015-06-30 17:00:00+00:00,35351.563,0.7589369535623558
2015-06-30 18:00:00+00:00,34346.569,0.7084101316284359
2015-06-30 19:00:00+00:00,33889.456,0.6854284350663868
2015-06-30 20:00:00+00:00,33695.467,0.6756754935959508
2015-06-30 21:00:00+00:00,31407.861,0.5606643979904382
2015-06-30 22:00:00+00:00,29763.292,0.4779824665350816
2015-06-30 23:00:00+00:00,27732.153,0.3758654403876218
2015-07-01 00:00:00+00:00,26268.132,0.30226069411598333
2015-07-01 01:00:00+00:00,25492.117,0.2632459619652927
2015-07-01 02:00:00+00:00,25245.643,0.2508542980256665
2015-07-01 03:00:00+00:00,25375.038,0.2573597280323525
2015-07-01 04:00:00+00:00,26593.753,0.31863153243436604
2015-07-01 05:00:00+00:00,28735.34,0.42630141405057254
2015-07-01 06:00:00+00:00,31200.023,0.5502151877293799
2015-07-01 07:00:00+00:00,33778.317,0.6798408390579391
2015-07-01 08:00:00+00:00,35207.635,0.7517008661555602
2015-07-01 09:00:00+00:00,36069.004,0.795006834233378
2015-07-01 10:00:00+00:00,37017.238,0.8426800048888132
2015-07-01 11:00:00+00:00,37397.791,0.8618125904240692
2015-07-01 12:00:00+00:00,36774.253,0.8304637530230174
2015-07-01 13:00:00+00:00,36313.019,0.8072748701163839
2015-07-01 14:00:00+00:00,36228.585,0.803029887874531
2015-07-01 15:00:00+00:00,36137.239,0.7984373996841778
2015-07-01 16:00:00+00:00,35420.089,0.762382149254911
2015-07-01 17:00:00+00:00,34631.751,0.7227478691002605
2015-07-01 18:00:00+00:00,33725.618,0.6771913575793476
2015-07-01 19:00:00+00:00,33357.656,0.6586917939476753
2015-07-01 20:00:00+00:00,32792.246,0.630265385044082
2015-07-01 21:00:00+00:00,30574.998,0.5187915902957154
2015-07-01 22:00:00+00:00,28980.943,0.4386492878164223
2015-07-01 23:00:00+00:00,27105.128,0.3443412914642292
2015-07-02 00:00:00+00:00,25706.657,0.27403212026843016
2015-07-02 01:00:00+00:00,25167.7,0.24693565564372633
2015-07-02 02:00:00+00:00,24933.081,0.23514001065946322
2015-07-02 03:00:00+00:00,25133.227,0.24520249989102716
2015-07-02 04:00:00+00:00,26542.475,0.31605349278922623
2015-07-02 05:00:00+00:00,28501.979,0.4145690159533484
2015-07-02 06:00:00+00:00,30919.121,0.5360926304455733
2015-07-02 07:00:00+00:00,33318.086,0.656702382723404
2015-07-02 08:00:00+00:00,34714.635,0.7269149239375743
2015-07-02 09:00:00+00:00,35079.486,0.7452580797269743
2015-07-02 10:00:00+00:00,35916.339,0.787331487643705
2015-07-02 11:00:00+00:00,36510.495,0.8172031231091608
2015-07-02 12:00:00+00:00,35949.663,0.7890068765655553
2015-07-02 13:00:00+00:00,35538.986,0.768359784492014
2015-07-02 14:00:00+00:00,35455.271,0.7641509505107187
2015-07-02 15:00:00+00:00,35418.357,0.7622950716648065
2015-07-02 16:00:00+00:00,34955.973,0.7390483716515788
2015-07-02 17:00:00+00:00,34262.387,0.7041778188742889
2015-07-02 18:00:00+00:00,33458.351,0.6637543100767627
2015-07-02 19:00:00+00:00,33079.148,0.6446895967970732
2015-07-02 20:00:00+00:00,32878.217,0.6345876411057907
2015-07-02 21:00:00+00:00,30608.846,0.5204933237078744
2015-07-02 22:00:00+00:00,29126.552,0.4459698887503345
2015-07-02 23:00:00+00:00,27206.742,0.34945001100284667
2015-07-03 00:00:00+00:00,25855.864,0.2815336133323634
2015-07-03 01:00:00+00:00,25179.805,0.2475442435353059
2015-07-03 02:00:00+00:00,24919.165,0.2344403733939351
2015-07-03 03:00:00+00:00,25158.235,0.2464597957185879
2015-07-03 04:00:00+00:00,26520.835,0.31496552567036784
2015-07-03 05:00:00+00:00,28658.903,0.42245848694039756
2015-07-03 06:00:00+00:00,31249.731,0.5527142944550829
2015-07-03 07:00:00+00:00,33726.344,0.6772278577701187
2015-07-03 08:00:00+00:00,35335.252,0.7581169058878778
2015-07-03 09:00:00+00:00,35971.41,0.7901002231891143
2015-07-03 10:00:00+00:00,36871.47,0.8353514101114679
2015-07-03 11:00:00+00:00,37376.178,0.8607259807503223
2015-07-03 12:00:00+00:00,36663.494,0.8248952617976182
2015-07-03 13:00:00+00:00,35966.196,0.789838085455393
2015-07-03 14:00:00+00:00,35812.378,0.7821047709318913
2015-07-03 15:00:00+00:00,35742.899,0.7786116624544808
2015-07-03 16:00:00+00:00,35132.012,0.7478988635017048
2015-07-03 17:00:00+00:00,34497.64,0.7160053386807956
2015-07-03 18:00:00+00:00,33488.38,0.6652640404192856
2015-07-03 19:00:00+00:00,32774.528,0.6293745993965802
2015-07-03 20:00:00+00:00,32298.855,0.6054597850098542
2015-07-03 21:00:00+00:00,30372.071,0.5085892842176845
2015-07-03 22:00:00+00:00,29175.323,0.44842188710310005
2015-07-03 23:00:00+00:00,27325.592,0.3554252832799414
2015-07-04 00:00:00+00:00,25764.905,0.2769605818552725
2015-07-04 01:00:00+00:00,24661.36,0.2214790349892537
2015-07-04 02:00:00+00:00,24339.974,0.20532111445037016
2015-07-04 03:00:00+00:00,23945.247,0.1854759205074108
2015-07-04 04:00:00+00:00,23618.904,0.16906878310123608
2015-07-04 05:00:00+00:00,23891.413,0.1827693760583986
2015-07-04 06:00:00+00:00,25637.687,0.27056460214515554
2015-07-04 07:00:00+00:00,28089.345,0.39382353424710836
2015-07-04 08:00:00+00:00,30245.579,0.5022298046983389
2015-07-04 09:00:00+00:00,31244.327,0.5524426043298376
2015-07-04 10:00:00+00:00,32058.999,0.5934008459497382
2015-07-04 11:00:00+00:00,32601.675,0.6206842860695916
2015-07-04 12:00:00+00:00,32322.172,0.6066320645528496
2015-07-04 13:00:00+00:00,31779.736,0.5793606906117639
2015-07-04 14:00:00+00:00,31203.847,0.5504074421777403
2015-07-04 15:00:00+00:00,30895.968,0.5349285961247354
2015-07-04 16:00:00+00:00,30671.657,0.5236511935185313
2015-07-04 17:00:00+00:00,30408.009,0.5103960939366092
2015-07-04 18:00:00+00:00,30253.359,0.5026209499933811
2015-07-04 19:00:00+00:00,30349.294,0.5074441535769156
2015-07-04 20:00:00+00:00,30522.566,0.5161555324410025
2015-07-04 21:00:00+00:00,29099.908,0.44463034180417615
2015-07-04 22:00:00+00:00,27404.232,0.3593789678560517
2015-07-04 23:00:00+00:00,25730.553,0.2752335094677021
2015-07-05 00:00:00+00:00,24268.078,0.20170648949762326
2015-07-05 01:00:00+00:00,23240.738,0.15005620576897072
2015-07-05 02:00:00+00:00,22678.296,0.12177901527613422
2015-07-05 03:00:00+00:00,22361.865,0.10587021105305205
2015-07-05 04:00:00+00:00,21947.962,0.08506092942657939
2015-07-05 05:00:00+00:00,21581.705,0.06664708593990021
2015-07-05 06:00:00+00:00,22783.944,0.12709054716953339
2015-07-05 07:00:00+00:00,24672.749,0.22205162544751067
2015-07-05 08:00:00+00:00,26592.307,0.31855883370729265
2015-07-05 09:00:00+00:00,27843.187,0.38144775744285897
2015-07-05 10:00:00+00:00,28897.13,0.43443552681213027
2015-07-05 11:00:00+00:00,29951.129,0.4874261116231138
2015-07-05 12:00:00+00:00,30484.845,0.5142590810689851
2015-07-05 13:00:00+00:00,30062.768,0.49303884550399335
2015-07-05 14:00:00+00:00,29549.809,0.46724944969426563
2015-07-05 15:00:00+00:00,29152.204,0.44725956215758766
2015-07-05 16:00:00+00:00,29073.854,0.44332045754748783
2015-07-05 17:00:00+00:00,29077.055,0.4434813902067978
2015-07-05 18:00:00+00:00,29370.396,0.45822932748096856
2015-07-05 19:00:00+00:00,30314.872,0.5057135618872046
2015-07-05 20:00:00+00:00,31527.864,0.5666976382013611
2015-07-05 21:00:00+00:00,30142.777,0.4970613575748226
2015-07-05 22:00:00+00:00,27977.078,0.3881792271984541
2015-07-05 23:00:00+00:00,25913.02,0.28440717380581404
2015-07-06 00:00:00+00:00,24578.556,0.21731600221152947
2015-07-06 01:00:00+00:00,23825.782,0.17946972864722488
2015-07-06 02:00:00+00:00,23595.863,0.16791037966382327
2015-07-06 03:00:00+00:00,23962.44,0.18634031138885887
2015-07-06 04:00:00+00:00,25788.193,0.27813140340166687
2015-07-06 05:00:00+00:00,28092.324,0.3939733056910584
2015-07-06 06:00:00+00:00,31275.307,0.5540001469057265
2015-07-06 07:00:00+00:00,33908.272,0.686374423481749
2015-07-06 08:00:00+00:00,35897.375,0.7863780584181028
2015-07-06 09:00:00+00:00,36849.785,0.8342611805840907
2015-07-06 10:00:00+00:00,38162.608,0.9002643347837718
2015-07-06 11:00:00+00:00,39053.406,0.9450498677571946
2015-07-06 12:00:00+00:00,38732.183,0.9289001421647236
2015-07-06 13:00:00+00:00,38370.323,0.9107073611282117
2015-07-06 14:00:00+00:00,38382.476,0.911318362255545
2015-07-06 15:00:00+00:00,38277.892,0.9060603237546812
2015-07-06 16:00:00+00:00,37439.613,0.8639152226257742
2015-07-06 17:00:00+00:00,36587.553,0.8210772714568961
2015-07-06 18:00:00+00:00,35679.492,0.7754238282998849
2015-07-06 19:00:00+00:00,35203.471,0.7514915179539459
2015-07-06 20:00:00+00:00,35100.268,0.7463029102567393
2015-07-06 21:00:00+00:00,32818.346,0.631577581985034
2015-07-06 22:00:00+00:00,30801.05,0.5301565229737277
2015-07-06 23:00:00+00:00,28483.795,0.41365480180874026
2015-07-07 00:00:00+00:00,27102.17,0.3441925758109212
2015-07-07 01:00:00+00:00,26267.764,0.30224219264187324
2015-07-07 02:00:00+00:00,25959.937,0.28676596092760165
2015-07-07 03:00:00+00:00,26034.239,0.2905015493224916
2015-07-07 04:00:00+00:00,27434.509,0.36090116658330107
2015-07-07 05:00:00+00:00,29493.632,0.4644251091750369
2015-07-07 06:00:00+00:00,32256.914,0.6033511699945104
2015-07-07 07:00:00+00:00,34871.028,0.7347776985041004
2015-07-07 08:00:00+00:00,36837.023,0.8336195615281352
2015-07-07 09:00:00+00:00,38027.076,0.893450362530855
2015-07-07 10:00:00+00:00,39384.73,0.9617074286485374
2015-07-07 11:00:00+00:00,40146.381,1.0
2015-07-07 12:00:00+00:00,39642.92,0.9746881232149909
2015-07-07 13:00:00+00:00,39182.41,0.9515356399476389
2015-07-07 14:00:00+00:00,39195.077,0.9521724828078317
2015-07-07 15:00:00+00:00,39042.821,0.9445176989978086
2015-07-07 16:00:00+00:00,38260.737,0.905197843351538
2015-07-07 17:00:00+00:00,37426.819,0.8632719947459837
2015-07-07 18:00:00+00:00,36383.028,0.8107946247385722
2015-07-07 19:00:00+00:00,35820.148,0.7824954134694855
2015-07-07 20:00:00+00:00,35617.427,0.7723034641948967
2015-07-07 21:00:00+00:00,33284.027,0.6549900411290785
2015-07-07 22:00:00+00:00,31157.557,0.5480801779479825
2015-07-07 23:00:00+00:00,28938.449,0.4365128703141685
2015-07-08 00:00:00+00:00,27416.419,0.35999167835871004
2015-07-08 01:00:00+00:00,26612.504,0.31957425292631236
2015-07-08 02:00:00+00:00,26224.422,0.3000631413079746
2015-07-08 03:00:00+00:00,26307.479,0.3042388938491496
2015-07-08 04:00:00+00:00,27659.902,0.3722329675454481
2015-07-08 05:00:00+00:00,29813.113,0.4804872544199543
2015-07-08 06:00:00+00:00,32488.565,0.6149975965680166
2015-07-08 07:00:00+00:00,35011.677,0.7418489317434871
2015-07-08 08:00:00+00:00,36729.473,0.8282124051680047
2015-07-08 09:00:00+00:00,37674.751,0.8757369607216217
2015-07-08 10:00:00+00:00,38794.41,0.9320286509403803
2015-07-08 11:00:00+00:00,39468.395,0.9659137488425893
2015-07-08 12:00:00+00:00,38963.207,0.9405150458462004
2015-07-08 13:00:00+00:00,38575.886,0.9210421940697042
2015-07-08 14:00:00+00:00,38571.204,0.9208068030322507
2015-07-08 15:00:00+00:00,38351.746,0.9097733886158719
2015-07-08 16:00:00+00:00,37523.202,0.868117721863217
2015-07-08 17:00:00+00:00,36630.089,0.823215800540434
2015-07-08 18:00:00+00:00,35634.724,0.7731730837538104
2015-07-08 19:00:00+00:00,35147.807,0.7486929688918327
2015-07-08 20:00:00+00:00,34918.718,0.7371753487766679
2015-07-08 21:00:00+00:00,32688.193,0.6250340429637411
2015-07-08 22:00:00+00:00,30878.578,0.5340543009215495
2015-07-08 23:00:00+00:00,28603.254,0.419660692014457
2015-07-09 00:00:00+00:00,27288.758,0.35357342649361834
2015-07-09 01:00:00+00:00,26586.549,0.3182693459683652
2015-07-09 02:00:00+00:00,26164.712,0.29706117658214115
2015-07-09 03:00:00+00:00,26241.153,0.3009043047952953
2015-07-09 04:00:00+00:00,27631.659,0.37081302968325214
2015-07-09 05:00:00+00:00,29569.385,0.4682336476757245
2015-07-09 06:00:00+00:00,31991.396,0.5900020547696927
2015-07-09 07:00:00+00:00,34159.106,0.698985289668983
2015-07-09 08:00:00+00:00,35621.914,0.7725290514621015
2015-07-09 09:00:00+00:00,36316.705,0.8074601865119528
2015-07-09 10:00:00+00:00,37405.058,0.8621779442619963
2015-07-09 11:00:00+00:00,37880.315,0.8860718439388593
2015-07-09 12:00:00+00:00,37541.139,0.869019517898844
2015-07-09 13:00:00+00:00,37247.665,0.8542648939506061
2015-07-09 14:00:00+00:00,37231.258,0.8534400198046215
2015-07-09 15:00:00+00:00,37197.639,0.8517497995380363
2015-07-09 16:00:00+00:00,36614.489,0.8224314989205546
2015-07-09 17:00:00+00:00,35922.68,0.7876502861418881
2015-07-09 18:00:00+00:00,34903.257,0.7363980354853243
2015-07-09 19:00:00+00:00,34337.274,0.7079428185799241
2015-07-09 20:00:00+00:00,34125.503,0.6972958738143156
2015-07-09 21:00:00+00:00,32033.544,0.5921210768642233
2015-07-09 22:00:00+00:00,30332.203,0.5065848908214439
2015-07-09 23:00:00+00:00,28348.855,0.40687059279678284
2015-07-10 00:00:00+00:00,26903.544,0.33420650571155086
2015-07-10 01:00:00+00:00,26074.81,0.29254128656737177
2015-07-10 02:00:00+00:00,25713.506,0.27437645884500417
2015-07-10 03:00:00+00:00,25786.351,0.2780387954796273
2015-07-10 04:00:00+00:00,27133.218,0.34575353713746093
2015-07-10 05:00:00+00:00,29241.952,0.45177170970764813
2015-07-10 06:00:00+00:00,31784.076,0.5795788873444738
2015-07-10 07:00:00+00:00,34248.01,0.7034550044903782
2015-07-10 08:00:00+00:00,35894.206,0.7862187345826286
2015-07-10 09:00:00+00:00,36593.262,0.8213642956843252
2015-07-10 10:00:00+00:00,37631.209,0.8735478542387507
2015-07-10 11:00:00+00:00,37948.937,0.8895218661029212
2015-07-10 12:00:00+00:00,37362.36,0.8600312705077906
2015-07-10 13:00:00+00:00,36806.418,0.8320808723565702
2015-07-10 14:00:00+00:00,36481.105,0.8157255189676058
2015-07-10 15:00:00+00:00,36330.243,0.8081408195459225
2015-07-10 16:00:00+00:00,35640.704,0.7734737327080974
2015-07-10 17:00:00+00:00,34927.514,0.7376175742284925
2015-07-10 18:00:00+00:00,33908.656,0.6863937293677771
2015-07-10 19:00:00+00:00,33188.64,0.6501943886537296
2015-07-10 20:00:00+00:00,32697.175,0.6254856197041101
2015-07-10 21:00:00+00:00,30827.139,0.5314681668814865
2015-07-10 22:00:00+00:00,29657.905,0.4726840566110919
2015-07-10 23:00:00+00:00,27921.733,0.385396716098952
2015-07-11 00:00:00+00:00,26344.119,0.30608099714096904
2015-07-11 01:00:00+00:00,25373.078,0.2572611875724191
2015-07-11 02:00:00+00:00,24819.601,0.22943471913228874
2015-07-11 03:00:00+00:00,24365.016,0.20658011965325618
2015-07-11 04:00:00+00:00,24156.043,0.19607384642177728
2015-07-11 05:00:00+00:00,24428.23,0.20975825058909336
2015-07-11 06:00:00+00:00,26228.692,0.3002778187385442
2015-07-11 07:00:00+00:00,28491.308,0.41403252347990405
2015-07-11 08:00:00+00:00,30460.418,0.5130309954491905
2015-07-11 09:00:00+00:00,31498.124,0.5652024375491036
2015-07-11 10:00:00+00:00,32019.616,0.5914208362897566
2015-07-11 11:00:00+00:00,32560.824,0.6186304716161495
2015-07-11 12:00:00+00:00,32257.705,0.6033909381086979
2015-07-11 13:00:00+00:00,31681.581,0.5744258748746309
2015-07-11 14:00:00+00:00,31093.27,0.544848101137906
2015-07-11 15:00:00+00:00,30803.038,0.5302564711545177
2015-07-11 16:00:00+00:00,30501.331,0.515087926998814
2015-07-11 17:00:00+00:00,30370.708,0.5085207583774347
2015-07-11 18:00:00+00:00,30166.269,0.49824243537316937
2015-07-11 19:00:00+00:00,30235.116,0.5017037695798261
2015-07-11 20:00:00+00:00,30460.857,0.5130530665011857
2015-07-11 21:00:00+00:00,28913.425,0.43525477007469004
2015-07-11 22:00:00+00:00,27264.789,0.35236836716497133
2015-07-11 23:00:00+00:00,25574.55,0.2673903424416726
2015-07-12 00:00:00+00:00,24224.094,0.19949516113552201
2015-07-12 01:00:00+00:00,23342.873,0.1551911189706623
2015-07-12 02:00:00+00:00,22712.989,0.12352323169270352
2015-07-12 03:00:00+00:00,22421.587,0.10887277908782389
2015-07-12 04:00:00+00:00,22080.47,0.09172286782702743
2015-07-12 05:00:00+00:00,21633.122,0.06923211391357609
2015-07-12 06:00:00+00:00,22638.063,0.11975627123301802
2015-07-12 07:00:00+00:00,24260.782,0.2013396776630949
2015-07-12 08:00:00+00:00,25818.324,0.2796462618701663
2015-07-12 09:00:00+00:00,27103.701,0.34426954797630827
2015-07-12 10:00:00+00:00,28093.913,0.39405319384964743
2015-07-12 11:00:00+00:00,29075.458,0.44340109984224974
2015-07-12 12:00:00+00:00,29588.391,0.46918918848261115
2015-07-12 13:00:00+00:00,29123.21,0.4458018672109987
2015-07-12 14:00:00+00:00,28762.887,0.4276863599943428
2015-07-12 15:00:00+00:00,28389.796,0.40892893206726266
2015-07-12 16:00:00+00:00,28210.843,0.399931936696603
2015-07-12 17:00:00+00:00,28315.039,0.4051704682084596
2015-07-12 18:00:00+00:00,28640.029,0.4215095825318331
2015-07-12 19:00:00+00:00,29572.14,0.468372157352825
2015-07-12 20:00:00+00:00,31197.066,0.5500665223518169
2015-07-12 21:00:00+00:00,29992.06,0.48948394813614504
2015-07-12 22:00:00+00:00,28031.845,0.39093267891742456
2015-07-12 23:00:00+00:00,26107.998,0.29420983798792033
2015-07-13 00:00:00+00:00,24670.554,0.22194127018753407
2015-07-13 01:00:00+00:00,23887.434,0.18256932886958466
2015-07-13 02:00:00+00:00,23576.828,0.16695338086033562
2015-07-13 03:00:00+00:00,24007.817,0.18862167386355555
2015-07-13 04:00:00+00:00,25911.832,0.28434744622091546
2015-07-13 05:00:00+00:00,28327.951,0.4058196286261444
2015-07-13 06:00:00+00:00,31106.419,0.5455091769071236
2015-07-13 07:00:00+00:00,33849.321,0.6834106180462676
2015-07-13 08:00:00+00:00,35528.349,0.767825001393895
2015-07-13 09:00:00+00:00,36432.939,0.8133039374404829
2015-07-13 10:00:00+00:00,37515.995,0.8677553845699819
2015-07-13 11:00:00+00:00,38124.497,0.8983482758712573
2015-07-13 12:00:00+00:00,37846.116,0.8843524637402531
2015-07-13 13:00:00+00:00,37459.012,0.8648905218003926
2015-07-13 14:00:00+00:00,37457.257,0.8648022878681558
2015-07-13 15:00:00+00:00,37391.113,0.861476848999867
2015-07-13 16:00:00+00:00,36746.932,0.8290901693975865
2015-07-13 17:00:00+00:00,35981.181,0.7905914674921808
2015-07-13 18:00:00+00:00,35072.021,0.7448827712915642
2015-07-13 19:00:00+00:00,34622.232,0.7222692942848998
2015-07-13 20:00:00+00:00,34411.015,0.7116502022819455
2015-07-13 21:00:00+00:00,32159.413,0.5984492345945187
2015-07-13 22:00:00+00:00,30415.927,0.5107941772844431
2015-07-13 23:00:00+00:00,28310.972,0.4049659967540975
2015-07-14 00:00:00+00:00,26823.127,0.33016348113681704
2015-07-14 01:00:00+00:00,26095.112,0.29356198473960204
2015-07-14 02:00:00+00:00,25816.844,0.2795718537677674
2015-07-14 03:00:00+00:00,25991.247,0.28834009449929554
2015-07-14 04:00:00+00:00,27438.718,0.36111277719343393
2015-07-14 05:00:00+00:00,29625.85,0.4710724676094742
2015-07-14 06:00:00+00:00,31889.038,0.5848559300768963
2015-07-14 07:00:00+00:00,34277.057,0.7049153640514447
2015-07-14 08:00:00+00:00,36058.267,0.7944670235607725
2015-07-14 09:00:00+00:00,36959.994,0.8398020201498146
2015-07-14 10:00:00+00:00,38085.958,0.8964106989399407
2015-07-14 11:00:00+00:00,38925.281,0.9386082879464859
2015-07-14 12:00:00+00:00,38465.559,0.9154954219660862
2015-07-14 13:00:00+00:00,38088.943,0.8965607720383602
2015-07-14 14:00:00+00:00,38072.616,0.8957399199519647
2015-07-14 15:00:00+00:00,37930.79,0.8886095121608732
2015-07-14 16:00:00+00:00,37137.919,0.8487473320547541
2015-07-14 17:00:00+00:00,36391.483,0.8112197061613982
2015-07-14 18:00:00+00:00,35322.916,0.7574967042992347
2015-07-14 19:00:00+00:00,34911.211,0.7367979287599735
2015-07-14 20:00:00+00:00,34773.863,0.7298926557543832
2015-07-14 21:00:00+00:00,32564.214,0.6188009063912387
2015-07-14 22:00:00+00:00,30701.385,0.5251457908618504
2015-07-14 23:00:00+00:00,28429.838,0.41094207344310973
2015-07-15 00:00:00+00:00,26947.097,0.33639616522761573
2015-07-15 01:00:00+00:00,26363.816,0.30707127848755666
2015-07-15 02:00:00+00:00,25868.816,0.28218478477984266
2015-07-15 03:00:00+00:00,25982.416,0.287896109396401
2015-07-15 04:00:00+00:00,27451.018,0.361731168855262
2015-07-15 05:00:00+00:00,29428.916,0.4611714640704139
2015-07-15 06:00:00+00:00,32030.814,0.5919838240807442
2015-07-15 07:00:00+00:00,34715.249,0.7269457932449208
2015-07-15 08:00:00+00:00,36499.107,0.8166305829266487
2015-07-15 09:00:00+00:00,37419.084,0.86288311185946
2015-07-15 10:00:00+00:00,38520.78,0.9182716988732249
2015-07-15 11:00:00+00:00,39126.944,0.9487470454830085
2015-07-15 12:00:00+00:00,38637.902,0.9241600946631945
2015-07-15 13:00:00+00:00,38220.01,0.9031502630904591
2015-07-15 14:00:00+00:00,38286.317,0.906483896905161
2015-07-15 15:00:00+00:00,38117.26,0.8979844303056761
2015-07-15 16:00:00+00:00,37323.208,0.8580628745448724
2015-07-15 17:00:00+00:00,36587.788,0.8210890862569391
2015-07-15 18:00:00+00:00,35538.555,0.7683381156459776
2015-07-15 19:00:00+00:00,35119.272,0.7472583505121362
2015-07-15 20:00:00+00:00,34716.626,0.7270150229455983
2015-07-15 21:00:00+00:00,32562.012,0.6186901992010478
2015-07-15 22:00:00+00:00,30826.183,0.5314201032693966
2015-07-15 23:00:00+00:00,28725.14,0.4257886014529588
2015-07-16 00:00:00+00:00,27193.301,0.3487742547161288
2015-07-16 01:00:00+00:00,26416.776,0.30973388193555795
2015-07-16 02:00:00+00:00,25964.241,0.2869823477334965
2015-07-16 03:00:00+00:00,26069.155,0.2922569772301653
2015-07-16 04:00:00+00:00,27430.544,0.36070182325491507
2015-07-16 05:00:00+00:00,29272.595,0.45331230935751776
2015-07-16 06:00:00+00:00,31773.026,0.5790233403637259
2015-07-16 07:00:00+00:00,34257.533,0.7039337804087189
2015-07-16 08:00:00+00:00,35951.641,0.7891063219888965
2015-07-16 09:00:00+00:00,36872.449,0.8354006300656898
2015-07-16 10:00:00+00:00,38179.934,0.9011354123392867
2015-07-16 11:00:00+00:00,38924.529,0.938570480586348
2015-07-16 12:00:00+00:00,38545.095,0.9194941536095949
2015-07-16 13:00:00+00:00,38223.02,0.9033015930824997
2015-07-16 14:00:00+00:00,38323.849,0.9083708461613993
2015-07-16 15:00:00+00:00,38172.797,0.9007765943481918
2015-07-16 16:00:00+00:00,37299.05,0.8568483131004465
2015-07-16 17:00:00+00:00,36508.831,0.8171194642697068
2015-07-16 18:00:00+00:00,35463.557,0.7645675353326622
2015-07-16 19:00:00+00:00,34976.176,0.7400640925250674
2015-07-16 20:00:00+00:00,34661.927,0.7242649899772791
2015-07-16 21:00:00+00:00,32627.809,0.6219981923858691
2015-07-16 22:00:00+00:00,31012.609,0.5407928092814254
2015-07-16 23:00:00+00:00,29064.768,0.44286365212965295
2015-07-17 00:00:00+00:00,27452.024,0.36178174625459536
2015-07-17 01:00:00+00:00,26701.441,0.32404562684728777
2015-07-17 02:00:00+00:00,26338.575,0.30580226841144276
2015-07-17 03:00:00+00:00,26451.974,0.31150348760328317
2015-07-17 04:00:00+00:00,27890.246,0.38381368372041713
2015-07-17 05:00:00+00:00,29810.13,0.48033728187302493
2015-07-17 06:00:00+00:00,32392.39,0.6101623268057148
2015-07-17 07:00:00+00:00,35015.011,0.7420165510768637
2015-07-17 08:00:00+00:00,36485.946,0.8159689038484927
2015-07-17 09:00:00+00:00,37433.088,0.8635871733905365
2015-07-17 10:00:00+00:00,38451.585,0.9147928687073557
2015-07-17 11:00:00+00:00,38925.224,0.9386054222290285
2015-07-17 12:00:00+00:00,38482.568,0.9163505621104793
2015-07-17 13:00:00+00:00,37766.872,0.8803684126142448
2015-07-17 14:00:00+00:00,37602.334,0.8720961421058007
2015-07-17 15:00:00+00:00,37314.229,0.8576114486317381
2015-07-17 16:00:00+00:00,36355.84,0.809427727787208
2015-07-17 17:00:00+00:00,35576.014,0.7702213947728409
2015-07-17 18:00:00+00:00,34451.741,0.7136977322672797
2015-07-17 19:00:00+00:00,33769.241,0.6793845363975528
2015-07-17 20:00:00+00:00,33262.764,0.6539210279660339
2015-07-17 21:00:00+00:00,31415.985,0.561072838141714
2015-07-17 22:00:00+00:00,30141.559,0.49700012171757835
2015-07-17 23:00:00+00:00,28359.86,0.407423877369012
2015-07-18 00:00:00+00:00,26719.778,0.32496753318086036
2015-07-18 01:00:00+00:00,25725.987,0.2750039504166526
2015-07-18 02:00:00+00:00,25150.028,0.24604718268048842
2015-07-18 03:00:00+00:00,24805.812,0.22874146688635832
2015-07-18 04:00:00+00:00,24707.008,0.22377402219080889
2015-07-18 05:00:00+00:00,24829.467,0.22993073963111788
2015-07-18 06:00:00+00:00,26512.939,0.3145685483889211
2015-07-18 07:00:00+00:00,28967.153,0.4379559852947468
2015-07-18 08:00:00+00:00,31164.184,0.5484133553091965
2015-07-18 09:00:00+00:00,32231.474,0.6020721550451684
2015-07-18 10:00:00+00:00,32897.37,0.6355505724471724
2015-07-18 11:00:00+00:00,33488.601,0.6652751513589006
2015-07-18 12:00:00+00:00,33164.281,0.648969721784586
2015-07-18 13:00:00+00:00,32412.149,0.611155725248484
2015-07-18 14:00:00+00:00,31794.507,0.5801033136391509
2015-07-18 15:00:00+00:00,31478.925,0.5642371935234585
2015-07-18 16:00:00+00:00,30862.125,0.5332271140913007
2015-07-18 17:00:00+00:00,30523.047,0.516179715074282
2015-07-18 18:00:00+00:00,30347.567,0.5073573273655354
2015-07-18 19:00:00+00:00,30540.469,0.517055619101304
2015-07-18 20:00:00+00:00,30558.68,0.5179711906910236
2015-07-18 21:00:00+00:00,28932.967,0.43623725868082386
2015-07-18 22:00:00+00:00,27378.938,0.35810729316545986
2015-07-18 23:00:00+00:00,25738.554,0.27563576570235937
2015-07-19 00:00:00+00:00,24360.944,0.2063753968201696
2015-07-19 01:00:00+00:00,23454.063,0.16078127904209816
2015-07-19 02:00:00+00:00,22894.873,0.13266758527155953
2015-07-19 03:00:00+00:00,22617.4,0.11871742351689196
2015-07-19 04:00:00+00:00,22391.425,0.10735636207123389
2015-07-19 05:00:00+00:00,21768.094,0.07601793174936922
2015-07-19 06:00:00+00:00,22667.029,0.12121255845875067
2015-07-19 07:00:00+00:00,24324.888,0.20456265456335077
2015-07-19 08:00:00+00:00,26090.668,0.2933385593294262
2015-07-19 09:00:00+00:00,27157.811,0.346989968530903
2015-07-19 10:00:00+00:00,28057.149,0.39220485636546476
2015-07-19 11:00:00+00:00,28994.482,0.4393299711261369
2015-07-19 12:00:00+00:00,29548.173,0.467167198575668
2015-07-19 13:00:00+00:00,29234.133,0.45137860365855587
2015-07-19 14:00:00+00:00,28876.948,0.4334208617292834
2015-07-19 15:00:00+00:00,28524.113,0.4156818192901699
2015-07-19 16:00:00+00:00,28366.307,0.4077480050961506
2015-07-19 17:00:00+00:00,28453.387,0.4121260169589136
2015-07-19 18:00:00+00:00,28768.755,0.4279813780652053
2015-07-19 19:00:00+00:00,29805.994,0.48012934139226693
2015-07-19 20:00:00+00:00,31366.18,0.558568854668759
2015-07-19 21:00:00+00:00,30068.415,0.49332275263524084
2015-07-19 22:00:00+00:00,28070.933,0.3928978572326711
2015-07-19 23:00:00+00:00,26203.763,0.29902449469482795
2015-07-20 00:00:00+00:00,24886.75,0.23281068512416625
2015-07-20 01:00:00+00:00,24273.226,0.20196530903218335
2015-07-20 02:00:00+00:00,23984.429,0.1874458247426749
2015-07-20 03:00:00+00:00,24462.341,0.21147320652215162
2015-07-20 04:00:00+00:00,26518.133,0.3148296806077453
2015-07-20 05:00:00+00:00,28737.363,0.42640312188243246
2015-07-20 06:00:00+00:00,31722.997,0.5765080951239214
2015-07-20 07:00:00+00:00,34574.436,0.7198663147833766
2015-07-20 08:00:00+00:00,36634.136,0.8234192664798989
2015-07-20 09:00:00+00:00,37568.208,0.8703804320365693
2015-07-20 10:00:00+00:00,38739.112,0.929248502800887
2015-07-20 11:00:00+00:00,39426.844,0.9638247413677423
2015-07-20 12:00:00+00:00,38929.269,0.9388087876170035
2015-07-20 13:00:00+00:00,38436.399,0.91402938124585
2015-07-20 14:00:00+00:00,38433.908,0.9139041443653937
2015-07-20 15:00:00+00:00,38218.521,0.9030754025063565
2015-07-20 16:00:00+00:00,37212.634,0.8525036843322729
2015-07-20 17:00:00+00:00,36334.962,0.808378070785936
2015-07-20 18:00:00+00:00,35357.047,0.7592126657471903
2015-07-20 19:00:00+00:00,35003.97,0.7414614565778195
2015-07-20 20:00:00+00:00,34790.023,0.7307051117913868
2015-07-20 21:00:00+00:00,32505.957,0.6158719923226925
2015-07-20 22:00:00+00:00,30691.316,0.524639564386814
2015-07-20 23:00:00+00:00,28651.623,0.42209247951778717
2015-07-21 00:00:00+00:00,27174.321,0.34782002107860865
2015-07-21 01:00:00+00:00,26477.963,0.3128101039365556
2015-07-21 02:00:00+00:00,26176.255,0.29764150950510726
2015-07-21 03:00:00+00:00,26362.094,0.30698470365490094
2015-07-21 04:00:00+00:00,27718.044,0.37515609990333476
2015-07-21 05:00:00+00:00,29750.459,0.47733727790124103
2015-07-21 06:00:00+00:00,32578.343,0.6195112523904232
2015-07-21 07:00:00+00:00,35285.543,0.7556177488864297
2015-07-21 08:00:00+00:00,37189.27,0.8513290418292687
2015-07-21 09:00:00+00:00,38131.258,0.8986881901822834
2015-07-21 10:00:00+00:00,39331.123,0.959012296793609
2015-07-21 11:00:00+00:00,39948.806,0.9900667697084815
2015-07-21 12:00:00+00:00,39428.936,0.9639299182259982
2015-07-21 13:00:00+00:00,38903.31,0.9375036795560772
2015-07-21 14:00:00+00:00,38884.138,0.9365397929755432
2015-07-21 15:00:00+00:00,38675.556,0.926053177560306
2015-07-21 16:00:00+00:00,37821.338,0.8831067313340113
2015-07-21 17:00:00+00:00,36861.174,0.8348337710423472
2015-07-21 18:00:00+00:00,35665.156,0.7747030752215138
2015-07-21 19:00:00+00:00,35301.334,0.7564116531735785
2015-07-21 20:00:00+00:00,34745.026,0.7284428540997381
2015-07-21 21:00:00+00:00,32566.854,0.6189336343576797
2015-07-21 22:00:00+00:00,30865.231,0.5333832705548487
2015-07-21 23:00:00+00:00,28799.031,0.42950352651670975
2015-07-22 00:00:00+00:00,27320.917,0.35519024417270173
2015-07-22 01:00:00+00:00,26511.946,0.31451862457427127
2015-07-22 02:00:00+00:00,26144.364,0.29603816572564723
2015-07-22 03:00:00+00:00,26277.151,0.3027141310589123
2015-07-22 04:00:00+00:00,27784.56,0.3785002413487133
2015-07-22 05:00:00+00:00,29658.754,0.47272674071848164
2015-07-22 06:00:00+00:00,32219.409,0.6014655781833835
2015-07-22 07:00:00+00:00,34884.401,0.7354500360401677
2015-07-22 08:00:00+00:00,36643.605,0.823895327508017
2015-07-22 09:00:00+00:00,37575.353,0.8707396522336233
2015-07-22 10:00:00+00:00,38646.635,0.9245991527430926
2015-07-22 11:00:00+00:00,39298.183,0.9573562137577865
2015-07-22 12:00:00+00:00,38776.877,0.9311471663056785
2015-07-22 13:00:00+00:00,38124.002,0.8983233893775495
2015-07-22 14:00:00+00:00,37716.69,0.8778454751854761
2015-07-22 15:00:00+00:00,37672.482,0.8756228850565255
2015-07-22 16:00:00+00:00,37021.042,0.8428712538222765
2015-07-22 17:00:00+00:00,36168.128,0.7999903671672839
2015-07-22 18:00:00+00:00,35170.748,0.7498463447547592
2015-07-22 19:00:00+00:00,34711.736,0.726769174553213
2015-07-22 20:00:00+00:00,34325.944,0.7073731943906145
2015-07-22 21:00:00+00:00,32211.029,0.6010442674414225
2015-07-22 22:00:00+00:00,30643.304,0.5222257253244005
2015-07-22 23:00:00+00:00,28627.981,0.4209038603577109
2015-07-23 00:00:00+00:00,27285.069,0.3533879592708147
2015-07-23 01:00:00+00:00,26514.99,0.3146716639416376
2015-07-23 02:00:00+00:00,26116.441,0.2946343161018077
2015-07-23 03:00:00+00:00,26187.356,0.2981996205488431
2015-07-23 04:00:00+00:00,27635.8,0.3710212215427342
2015-07-23 05:00:00+00:00,29433.349,0.461394336447396
2015-07-23 06:00:00+00:00,31865.83,0.5836891305900911
2015-07-23 07:00:00+00:00,34334.603,0.7078085320653926
2015-07-23 08:00:00+00:00,36155.769,0.7993690092365089
2015-07-23 09:00:00+00:00,37096.285,0.8466541516930837
2015-07-23 10:00:00+00:00,38080.181,0.8961202559618611
2015-07-23 11:00:00+00:00,38842.373,0.9344400264912955
2015-07-23 12:00:00+00:00,38297.572,0.9070497504136059
2015-07-23 13:00:00+00:00,37948.091,0.8894793328227664
2015-07-23 14:00:00+00:00,37912.981,0.8877141514205888
2015-07-23 15:00:00+00:00,37799.93,0.8820304281879612
2015-07-23 16:00:00+00:00,37022.188,0.8429288698258905
2015-07-23 17:00:00+00:00,36193.287,0.8012552546323188
2015-07-23 18:00:00+00:00,35043.169,0.7434322155007462
2015-07-23 19:00:00+00:00,34710.444,0.726704218290849
2015-07-23 20:00:00+00:00,34369.365,0.7095562175083572
2015-07-23 21:00:00+00:00,32182.083,0.5995889857305872
2015-07-23 22:00:00+00:00,30544.71,0.5172688385352724
2015-07-23 23:00:00+00:00,28659.666,0.42249684733372894
2015-07-24 00:00:00+00:00,27117.435,0.3449600350562714
2015-07-24 01:00:00+00:00,26488.31,0.31333030706866416
2015-07-24 02:00:00+00:00,26015.626,0.2895657668833367
2015-07-24 03:00:00+00:00,26224.287,0.30005635408241815
2015-07-24 04:00:00+00:00,27772.797,0.37790884776187705
2015-07-24 05:00:00+00:00,29554.91,0.46750590626881716
2015-07-24 06:00:00+00:00,32043.504,0.5926218232830696
2015-07-24 07:00:00+00:00,34596.114,0.7209561923805399
2015-07-24 08:00:00+00:00,36484.052,0.8158736815877201
2015-07-24 09:00:00+00:00,37330.384,0.8584236532900169
2015-07-24 10:00:00+00:00,38343.302,0.9093488602262401
2015-07-24 11:00:00+00:00,38888.149,0.9367414489881929
2015-07-24 12:00:00+00:00,37980.254,0.8910963516048294
2015-07-24 13:00:00+00:00,37227.176,0.8532347942140863
2015-07-24 14:00:00+00:00,37018.953,0.8427662277912553
2015-07-24 15:00:00+00:00,36775.361,0.8305194585483269
2015-07-24 16:00:00+00:00,35978.513,0.7904573318048835
2015-07-24 17:00:00+00:00,35232.235,0.7529376494792162
2015-07-24 18:00:00+00:00,34226.525,0.7023748301119737
2015-07-24 19:00:00+00:00,33657.475,0.6737654174970753
2015-07-24 20:00:00+00:00,32951.838,0.6382889917184287
2015-07-24 21:00:00+00:00,30977.524,0.5390288847728695
2015-07-24 22:00:00+00:00,29756.233,0.4776275700520862
2015-07-24 23:00:00+00:00,27984.817,0.388568311187957
2015-07-25 00:00:00+00:00,26379.447,0.3078571386555271
2015-07-25 01:00:00+00:00,25419.947,0.25961756145845305
2015-07-25 02:00:00+00:00,24841.909,0.23055627044871652
2015-07-25 03:00:00+00:00,24330.144,0.20482690387835634
2015-07-25 04:00:00+00:00,24373.838,0.20702365227444708
2015-07-25 05:00:00+00:00,24386.443,0.20765737803845852
2015-07-25 06:00:00+00:00,25845.074,0.2809911380452801
2015-07-25 07:00:00+00:00,28048.313,0.3917606198838457
2015-07-25 08:00:00+00:00,29970.354,0.48839266281812543
2015-07-25 09:00:00+00:00,30832.639,0.5317446834782389
2015-07-25 10:00:00+00:00,31381.762,0.5593522513252309
2015-07-25 11:00:00+00:00,31779.973,0.5793726059632966
2015-07-25 12:00:00+00:00,31393.433,0.5599390195435394
2015-07-25 13:00:00+00:00,30780.027,0.5290995759894503
2015-07-25 14:00:00+00:00,30165.162,0.49818678012360484
2015-07-25 15:00:00+00:00,29839.685,0.4818231815124825
2015-07-25 16:00:00+00:00,29534.683,0.46648897877745177
2015-07-25 17:00:00+00:00,29275.667,0.4534667564457402
2015-07-25 18:00:00+00:00,29140.512,0.4466717381486369
2015-07-25 19:00:00+00:00,29564.884,0.46800735654809134
2015-07-25 20:00:00+00:00,29747.195,0.4771731778700046
2015-07-25 21:00:00+00:00,28138.333,0.39628644243650935
2015-07-25 22:00:00+00:00,26588.034,0.3183440054494884
2015-07-25 23:00:00+00:00,25002.498,0.2386300020406924
2015-07-26 00:00:00+00:00,23644.37,0.1703491052199444
2015-07-26 01:00:00+00:00,22780.317,0.12690819704291134
2015-07-26 02:00:00+00:00,22340.477,0.10479491342189928
2015-07-26 03:00:00+00:00,22061.181,0.09075309898434436
2015-07-26 04:00:00+00:00,22019.475,0.08865629876904357
2015-07-26 05:00:00+00:00,21443.337,0.05969053167454885
2015-07-26 06:00:00+00:00,22202.482,0.0978571120093823
2015-07-26 07:00:00+00:00,23815.537,0.17895465364109264
2015-07-26 08:00:00+00:00,25376.334,0.25742488539769637
2015-07-26 09:00:00+00:00,26708.359,0.3243934344502575
2015-07-26 10:00:00+00:00,27580.504,0.3682411739547309
2015-07-26 11:00:00+00:00,28467.452,0.4128331453104268
2015-07-26 12:00:00+00:00,29076.974,0.4434773178714635
2015-07-26 13:00:00+00:00,28744.39,0.42675640954159233
2015-07-26 14:00:00+00:00,28354.401,0.40714942207779914
2015-07-26 15:00:00+00:00,28187.072,0.3987368319654392
2015-07-26 16:00:00+00:00,28099.217,0.39431985640040645
2015-07-26 17:00:00+00:00,28163.055,0.39752935940103895
2015-07-26 18:00:00+00:00,28397.164,0.4092993637554212
2015-07-26 19:00:00+00:00,29645.472,0.47205897827519716
2015-07-26 20:00:00+00:00,31000.128,0.5401653177097769
2015-07-26 21:00:00+00:00,29729.169,0.47626690729308496
2015-07-26 22:00:00+00:00,27849.185,0.3817493113605537
2015-07-26 23:00:00+00:00,25917.132,0.2846139076686951
2015-07-27 00:00:00+00:00,24552.923,0.21602728404342875
2015-07-27 01:00:00+00:00,23883.596,0.18237637056079636
2015-07-27 02:00:00+00:00,23612.577,0.1687506884634813
2015-07-27 03:00:00+00:00,24038.115,0.19014492838144736
2015-07-27 04:00:00+00:00,26117.203,0.29467262621939416
2015-07-27 05:00:00+00:00,28229.707,0.40088033834771863
2015-07-27 06:00:00+00:00,30920.992,0.5361866963642139
2015-07-27 07:00:00+00:00,33678.956,0.6748453907725003
2015-07-27 08:00:00+00:00,35433.842,0.7630735915740263
2015-07-27 09:00:00+00:00,36219.929,0.8025947010269874
2015-07-27 10:00:00+00:00,37222.269,0.8529880911340382
2015-07-27 11:00:00+00:00,37793.895,0.8817270140677063
2015-07-27 12:00:00+00:00,37235.622,0.8536594231552084
2015-07-27 13:00:00+00:00,36690.697,0.8262629128851555
2015-07-27 14:00:00+00:00,36530.422,0.8182049678770669
2015-07-27 15:00:00+00:00,36537.414,0.8185564958851563
2015-07-27 16:00:00+00:00,35832.713,0.7831271282037027
2015-07-27 17:00:00+00:00,35006.59,0.7415931790293633
2015-07-27 18:00:00+00:00,34021.44,0.6920640289765261
2015-07-27 19:00:00+00:00,33900.961,0.6860068575110481
2015-07-27 20:00:00+00:00,33453.05,0.6634877983532381
2015-07-27 21:00:00+00:00,31308.272,0.5556574868351705
2015-07-27 22:00:00+00:00,29825.078,0.48108880370725293
2015-07-27 23:00:00+00:00,27809.5,0.379754118425623
2015-07-28 00:00:00+00:00,26548.019,0.31633222151875273
2015-07-28 01:00:00+00:00,25810.234,0.27923953109421595
2015-07-28 02:00:00+00:00,25489.442,0.26311147434778137
2015-07-28 03:00:00+00:00,25599.468,0.2686431134521956
2015-07-28 04:00:00+00:00,27250.226,0.35163620149251584
2015-07-28 05:00:00+00:00,28972.463,0.438222949499975
2015-07-28 06:00:00+00:00,31197.785,0.5501026706123742
2015-07-28 07:00:00+00:00,33657.839,0.6737837178682058
2015-07-28 08:00:00+00:00,35440.951,0.7634310018442652
2015-07-28 09:00:00+00:00,36320.742,0.807663149693969
2015-07-28 10:00:00+00:00,37281.956,0.8559888995177398
2015-07-28 11:00:00+00:00,37958.896,0.8900225622460227
2015-07-28 12:00:00+00:00,37342.693,0.8590424974335489
2015-07-28 13:00:00+00:00,36833.496,0.8334422389759997
2015-07-28 14:00:00+00:00,36784.272,0.8309674657108106
2015-07-28 15:00:00+00:00,36734.19,0.8284495558565286
2015-07-28 16:00:00+00:00,36107.702,0.7969524050081276
2015-07-28 17:00:00+00:00,35366.52,0.7596889278782875
2015-07-28 18:00:00+00:00,34416.512,0.7119265680514635
2015-07-28 19:00:00+00:00,34381.383,0.7101604314101337
2015-07-28 20:00:00+00:00,34037.513,0.6928721110237261
2015-07-28 21:00:00+00:00,31852.948,0.583041478444752
2015-07-28 22:00:00+00:00,30274.038,0.5036606021214252
2015-07-28 23:00:00+00:00,28285.107,0.4036656146131883
2015-07-29 00:00:00+00:00,26843.416,0.33118352572436405
2015-07-29 01:00:00+00:00,26203.172,0.29899478172961325
2015-07-29 02:00:00+00:00,25786.525,0.27804754345923377
2015-07-29 03:00:00+00:00,26077.409,0.29267195322827333
2015-07-29 04:00:00+00:00,27603.215,0.3693829863963387
2015-07-29 05:00:00+00:00,29393.622,0.4593970319311813
2015-07-29 06:00:00+00:00,31626.086,0.5716358224133995
2015-07-29 07:00:00+00:00,34191.354,0.7006065818893594
2015-07-29 08:00:00+00:00,36009.554,0.7920179412012089
2015-07-29 09:00:00+00:00,36932.161,0.838402695343013
2015-07-29 10:00:00+00:00,38007.076,0.8924448476335736
2015-07-29 11:00:00+00:00,38632.756,0.923901375680124
2015-07-29 12:00:00+00:00,38069.814,0.8955990473148554
2015-07-29 13:00:00+00:00,37453.566,0.8646167200938628
2015-07-29 14:00:00+00:00,37489.027,0.8663995482824876
2015-07-29 15:00:00+00:00,37320.476,0.857925521209904
2015-07-29 16:00:00+00:00,36537.148,0.8185431225370228
2015-07-29 17:00:00+00:00,35728.439,0.7778846751837465
2015-07-29 18:00:00+00:00,34778.987,0.7301502686710668
2015-07-29 19:00:00+00:00,34599.453,0.721124063092641
2015-07-29 20:00:00+00:00,33915.593,0.686742492209899
2015-07-29 21:00:00+00:00,31676.695,0.5741802275852252
2015-07-29 22:00:00+00:00,30195.51,0.49971254842873947
2015-07-29 23:00:00+00:00,28292.825,0.40405364281204914
2015-07-30 00:00:00+00:00,26927.162,0.3353939182537504
2015-07-30 01:00:00+00:00,26261.833,0.30194400719908443
2015-07-30 02:00:00+00:00,25858.078,0.2816449238314924
2015-07-30 03:00:00+00:00,26036.728,0.2906266856514581
2015-07-30 04:00:00+00:00,27551.39,0.36677744591875827
2015-07-30 05:00:00+00:00,29238.222,0.4515841811793051
2015-07-30 06:00:00+00:00,31332.988,0.5569001021452309
2015-07-30 07:00:00+00:00,33626.996,0.6722330630693634
2015-07-30 08:00:00+00:00,35061.92,0.7443749359926921
2015-07-30 09:00:00+00:00,35809.748,0.781972545722899
2015-07-30 10:00:00+00:00,36670.953,0.8252702685785593
2015-07-30 11:00:00+00:00,37000.983,0.8418627726560479
2015-07-30 12:00:00+00:00,36117.432,0.7974415880056551
2015-07-30 13:00:00+00:00,35472.134,0.7649987503963613
2015-07-30 14:00:00+00:00,35390.573,0.7608982103695028
2015-07-30 15:00:00+00:00,35286.762,0.7556790350194194
2015-07-30 16:00:00+00:00,34662.004,0.7242688612096335
2015-07-30 17:00:00+00:00,33921.054,0.6870170480526014
2015-07-30 18:00:00+00:00,33041.546,0.6427991282386945
2015-07-30 19:00:00+00:00,32983.317,0.6398716218910045
2015-07-30 20:00:00+00:00,32431.501,0.6121286614630936
2015-07-30 21:00:00+00:00,30253.43,0.5026245195712664
2015-07-30 22:00:00+00:00,28869.533,0.4330480670811163
2015-07-30 23:00:00+00:00,27014.781,0.3397990287429953
2015-07-31 00:00:00+00:00,25740.334,0.27572525652821733
2015-07-31 01:00:00+00:00,25065.56,0.24180049106331047
2015-07-31 02:00:00+00:00,24746.595,0.22576428810274263
2015-07-31 03:00:00+00:00,24969.906,0.2369914149640826
2015-07-31 04:00:00+00:00,26410.507,0.30941870329100496
2015-07-31 05:00:00+00:00,28105.701,0.3946458443301051
2015-07-31 06:00:00+00:00,30169.767,0.4984182999287039
2015-07-31 07:00:00+00:00,32476.187,0.6143752833980893
2015-07-31 08:00:00+00:00,33899.334,0.6859250588741541
2015-07-31 09:00:00+00:00,34561.848,0.7192334437070276
2015-07-31 10:00:00+00:00,35283.425,0.755511264858808
2015-07-31 11:00:00+00:00,35549.137,0.7688701335781294
2015-07-31 12:00:00+00:00,34370.415,0.7096090070404646
2015-07-31 13:00:00+00:00,33243.738,0.6529644816442499
2015-07-31 14:00:00+00:00,32817.08,0.6315139328920363
2015-07-31 15:00:00+00:00,32645.3,0.6228775654392864
2015-07-31 16:00:00+00:00,32193.28,0.6001519232458301
2015-07-31 17:00:00+00:00,31569.249,0.5687782999025606
2015-07-31 18:00:00+00:00,30905.85,0.5354254210354821
